sl_atr_mult,tp1_atr_mult,tp2_atr_mult,tp3_atr_mult,trailing_activation_atr_mult,mean_Sh,std_Sh,min_Sh,mean_PF,mean_DD,worst_DD,mean_Ret,n_trades,n_folds
1.0,1.0,2.5,4.5,2.0,0.060355497677154424,1.3968580738898806,-4.144824624672133,1.0862299611390511,-7.417731703263083,-13.553341710500636,0.0439788668548721,246,24
1.0,1.0,2.5,4.5,3.0,0.18936228489419057,1.419823796016882,-4.144824624672133,1.1938700599211478,-7.318976285805948,-13.553341710500636,0.9454144509445556,227,24
1.0,1.0,2.5,6.0,2.0,0.11359793560457228,1.4303554005030816,-4.29325677842796,1.0868745533242066,-7.432872047784905,-13.784390247159129,0.5003974910526671,218,24
1.0,1.0,2.5,6.0,3.0,0.17060477716919523,1.455134437120909,-4.29325677842796,1.175900480921804,-7.327064163866872,-13.784390247159129,1.1302987060921523,203,24
1.0,1.0,2.5,8.0,2.0,0.1568619614477248,1.5591363084076975,-4.29325677842796,1.1930039555475513,-7.480911354152435,-13.784390247159129,0.7709386209372271,196,24
1.0,1.0,2.5,8.0,3.0,0.2843306420047706,1.5972036836883072,-4.29325677842796,1.2298981661007407,-7.277874977682349,-13.784390247159129,1.9100355114443373,178,24
1.0,1.0,3.5,4.5,2.0,0.10195495899787271,1.4136924066799732,-4.073074437383701,1.1271455226230016,-7.5186485927072555,-15.045965417530653,0.31218988628161876,246,24
1.0,1.0,3.5,4.5,3.0,0.22878956607974021,1.435996994645966,-4.073074437383701,1.235422367154512,-7.428945378577173,-15.045965417530653,1.2820910199766444,227,24
1.0,1.0,3.5,6.0,2.0,0.15915741116344584,1.4425260765180725,-4.220947967307651,1.126233694443636,-7.523945748442756,-15.045965417530653,0.7811064574585475,218,24
1.0,1.0,3.5,6.0,3.0,0.22493134847633947,1.4773997654765876,-4.220947967307651,1.2351384713356957,-7.386527393490405,-15.045965417530653,1.500605575437634,203,24
1.0,1.0,3.5,8.0,2.0,0.20403353816220082,1.5735017544269339,-4.220947967307651,1.2371119181642403,-7.537308023738508,-15.045965417530653,1.0368159823231544,196,24
1.0,1.0,3.5,8.0,3.0,0.3324323115844588,1.6112593760067924,-4.220947967307651,1.2704931362308518,-7.339254945482601,-15.045965417530653,2.28947203270946,178,24
1.0,1.0,5.0,6.0,2.0,0.1732199382019545,1.4131005884202212,-4.061070595600638,1.1542541529657977,-7.599242798844895,-15.045965417530653,1.0353278429829216,218,24
1.0,1.0,5.0,6.0,3.0,0.24537059165443043,1.4358400355246084,-4.061070595600638,1.2779218426086099,-7.464643575163684,-15.045965417530653,1.8981819723096336,203,24
1.0,1.0,5.0,8.0,2.0,0.22133720543191995,1.5409045706198865,-4.061070595600638,1.2719299997687807,-7.604381319490128,-15.045965417530653,1.296615708853045,196,24
1.0,1.0,5.0,8.0,3.0,0.36689135275843493,1.5762133729499797,-4.061070595600638,1.3305620032108265,-7.390969159708398,-15.045965417530653,2.7475254397459303,178,24
1.0,1.5,2.5,4.5,2.0,0.0924317786847994,1.4157473929249467,-4.262460827489887,1.1136452532736183,-7.783080581063984,-15.204426229254647,0.2768802016600056,246,24
1.0,1.5,2.5,4.5,3.0,0.20785046501488583,1.4325867314180976,-4.262460827489887,1.2179532747560493,-7.731757641837418,-15.204426229254647,1.1176643859884305,227,24
1.0,1.5,2.5,6.0,2.0,0.13866239008959116,1.4568236136927528,-4.403219816695521,1.1156975076670321,-7.751273494664754,-15.983806274743042,0.6891993893198315,218,24
1.0,1.5,2.5,6.0,3.0,0.19733499155750364,1.488390610749423,-4.403219816695521,1.2270112084947193,-7.649949320197098,-15.983806274743042,1.3308424330154196,203,24
1.0,1.5,2.5,8.0,2.0,0.18509516081273222,1.592642093428185,-4.403219816695521,1.2606755381952837,-7.870936716269426,-15.983806274743042,0.9663277253062477,196,24
1.0,1.5,2.5,8.0,3.0,0.3010643084770357,1.62350873895897,-4.403219816695521,1.279894758957535,-7.640152531968659,-15.983806274743042,2.0384576421747247,178,24
1.0,1.5,3.5,4.5,2.0,0.13227742567739045,1.43146311279864,-4.195536160424678,1.1536968544746964,-7.897719969802495,-16.775122918549272,0.5463080136663088,246,24
1.0,1.5,3.5,4.5,3.0,0.2465662610890632,1.4500544042087147,-4.195536160424678,1.2604557306959914,-7.841260566408249,-16.775122918549272,1.4558858941251593,227,24
1.0,1.5,3.5,6.0,2.0,0.18291904928164437,1.4708927609315174,-4.335715496279779,1.1553073288949722,-7.847733394329388,-16.775122918549272,0.9715148753304232,218,24
1.0,1.5,3.5,6.0,3.0,0.24890743631744994,1.5092618443841257,-4.335715496279779,1.284487345401178,-7.7127605790768925,-16.775122918549272,1.7030975859191961,203,24
1.0,1.5,3.5,8.0,2.0,0.23006649394206027,1.6060091838073416,-4.335715496279779,1.3055189666374865,-7.930759165907712,-16.775122918549272,1.233755107515336,196,24
1.0,1.5,3.5,8.0,3.0,0.347437548480863,1.6373360930008312,-4.335715496279779,1.321083378863915,-7.7048390413658145,-16.775122918549272,2.4196818961371465,178,24
1.0,1.5,5.0,6.0,2.0,0.1945633437934128,1.439945055829152,-4.187473865521128,1.1812142148700782,-7.933316586790242,-16.775122918549272,1.2265731290529154,218,24
1.0,1.5,5.0,6.0,3.0,0.26707927011026006,1.4674626928912553,-4.187473865521128,1.3274223072892173,-7.782882149527612,-16.775122918549272,2.1028844856732447,203,24
1.0,1.5,5.0,8.0,2.0,0.2451634912405194,1.57196656227164,-4.187473865521128,1.33979998460732,-7.998155730663381,-16.775122918549272,1.4941552765919548,196,24
1.0,1.5,5.0,8.0,3.0,0.3794298376006668,1.6008300702643288,-4.187473865521128,1.3809666687017437,-7.756869862461239,-16.775122918549272,2.8785685505294967,178,24
1.0,2.0,2.5,4.5,2.0,0.048076804390186516,1.4010472976258834,-4.187399154532531,1.0925079517339598,-8.313503339238189,-15.132405787805164,0.15400019796178657,246,24
1.0,2.0,2.5,4.5,3.0,0.16079369992168155,1.4190210330041297,-4.187399154532531,1.185234161998848,-8.272980215007339,-15.132405787805164,1.0088280162857464,227,24
1.0,2.0,2.5,6.0,2.0,0.08214720638839484,1.4354847471244105,-4.327244295714893,1.0932743501063575,-8.259667798332801,-16.720056972011832,0.47294241950554183,218,24
1.0,2.0,2.5,6.0,3.0,0.14435860314727209,1.4671604406209782,-4.327244295714893,1.2145701940156652,-8.117010999287091,-16.720056972011832,1.1587794681030734,203,24
1.0,2.0,2.5,8.0,2.0,0.12229945335444091,1.5733366669707993,-4.327244295714893,1.255071676969512,-8.3766955285128,-16.720056972011832,0.7538968188435348,196,24
1.0,2.0,2.5,8.0,3.0,0.24400422972808022,1.6050440619471416,-4.327244295714893,1.259542701588055,-8.094747793429363,-16.720056972011832,1.900946527063069,178,24
1.0,2.0,3.5,4.5,2.0,0.08650296280580605,1.4161315891361557,-4.1215904402988786,1.1300764638936414,-8.399637707601386,-16.53437862368581,0.42353487243826143,246,24
1.0,2.0,3.5,4.5,3.0,0.199494464954757,1.4376441799917323,-4.1215904402988786,1.229698279132539,-8.367074396835868,-16.53437862368581,1.3481833770528286,227,24
1.0,2.0,3.5,6.0,2.0,0.12508061244773164,1.4505369753999409,-4.260846137780069,1.1318682158420983,-8.355756510479583,-16.70067384303613,0.7549936381080001,218,24
1.0,2.0,3.5,6.0,3.0,0.1952294091478682,1.4890283555994204,-4.260846137780069,1.2733421936461495,-8.17207069163317,-16.70067384303613,1.5322008633912036,203,24
1.0,2.0,3.5,8.0,2.0,0.16650358219390302,1.5884372186383025,-4.260846137780069,1.2994870726461343,-8.436565988540066,-16.70067384303613,1.0214911877641601,196,24
1.0,2.0,3.5,8.0,3.0,0.29023524008128115,1.6206148023059874,-4.260846137780069,1.306558117264919,-8.159469910655835,-16.70067384303613,2.282550974611065,178,24
1.0,2.0,5.0,6.0,2.0,0.13814845461043218,1.4166414215853602,-4.115951860275742,1.152319167508154,-8.440908831447903,-16.655393048513766,1.006626248580921,218,24
1.0,2.0,5.0,6.0,3.0,0.2148052671814237,1.4465574978950217,-4.115951860275742,1.310283820371895,-8.241468185939059,-16.655393048513766,1.928475063000506,203,24
1.0,2.0,5.0,8.0,2.0,0.18285053088773728,1.553202242318761,-4.115951860275742,1.329226531652042,-8.503790806085707,-16.655393048513766,1.2790492193005285,196,24
1.0,2.0,5.0,8.0,3.0,0.3226440252322198,1.5834667297151057,-4.115951860275742,1.3591938592148052,-8.211592641428696,-16.655393048513766,2.7383623109321324,178,24
1.5,1.0,2.5,4.5,2.0,0.19443370567542662,0.9598109532114998,-1.9028807263959415,1.074644947885527,-7.602226308980683,-13.409412565931309,0.4456640959760166,215,24
1.5,1.0,2.5,4.5,3.0,0.3322364574443126,0.9295523420402699,-1.4351743906137397,1.2227065584406305,-7.251477418121989,-13.215173745711887,1.620985493453342,195,24
1.5,1.0,2.5,6.0,2.0,0.2999098658952102,0.9490671028146976,-1.2827324256194463,1.1031742351649985,-7.3700259785911895,-14.251830023748424,1.3178815072496066,187,24
1.5,1.0,2.5,6.0,3.0,0.39794872993056774,1.010489981724347,-1.2994742745307757,1.2754112189956681,-7.082804969357312,-14.059480902836825,2.1125557124537284,170,24
1.5,1.0,2.5,8.0,2.0,0.4142837395421375,0.9597292928192545,-1.2827324256194463,1.218264890707993,-7.419150095496309,-14.251830023748424,1.9325982056609663,159,24
1.5,1.0,2.5,8.0,3.0,0.5657427644651688,0.9982953665325891,-1.2827324256194463,1.311753523847835,-6.849935162520841,-14.059480902836825,3.163633941294757,140,24
1.5,1.0,3.5,4.5,2.0,0.24216917783464273,0.9813432447160138,-1.8805746239783618,1.1127872762419655,-7.671880253063752,-13.409412565931285,0.7789097502355183,215,24
1.5,1.0,3.5,4.5,3.0,0.39162075205835406,0.9638028405814758,-1.4275225594097003,1.2787371433477939,-7.400431010517789,-13.215173745711878,2.101112183942503,195,24
1.5,1.0,3.5,6.0,2.0,0.36038691015143387,0.9683327685085776,-1.2289021369784414,1.148621141507511,-7.454619106347988,-14.23827791739145,1.686379769094523,187,24
1.5,1.0,3.5,6.0,3.0,0.46939008963742634,1.0327880731603043,-1.2289021369784414,1.348824383141489,-7.185287282557582,-14.04589839658042,2.6309995255071903,170,24
1.5,1.0,3.5,8.0,2.0,0.45858566869580614,0.9640797695244785,-1.2289021369784414,1.24439272815907,-7.4825167502465995,-14.23827791739145,2.2393004406985644,159,24
1.5,1.0,3.5,8.0,3.0,0.6266125622546498,1.0093159282800617,-1.2289021369784414,1.3672528367239152,-6.904718923526512,-14.04589839658042,3.6967652429096574,140,24
1.5,1.0,5.0,6.0,2.0,0.3748045290646353,0.9409699320462569,-1.150334652972981,1.1743567360254692,-7.632843734537225,-14.21814664047553,1.978824858809501,187,24
1.5,1.0,5.0,6.0,3.0,0.4899944021509633,0.9951516692162727,-1.150334652972981,1.3894089062146537,-7.345930798572863,-14.025721961459736,3.0390604501554144,170,24
1.5,1.0,5.0,8.0,2.0,0.46948499728623627,0.9459247089488559,-1.150334652972981,1.26801034291196,-7.660267424417483,-14.21814664047553,2.4467010910219362,159,24
1.5,1.0,5.0,8.0,3.0,0.645748192305391,0.9800056007425464,-1.150334652972981,1.406857310477141,-7.068101570382541,-14.025721961459736,4.047597676833414,140,24
1.5,1.5,2.5,4.5,2.0,0.24321307412318538,0.9910174906262179,-2.1141600880452684,1.1104911868786265,-7.810254681413241,-12.92313832959557,0.8514823515258042,215,24
1.5,1.5,2.5,4.5,3.0,0.36529616313867513,0.9579737723058288,-1.6834517364767092,1.2580604540956213,-7.499865503169219,-12.723849475177301,1.9506158004888963,195,24
1.5,1.5,2.5,6.0,2.0,0.3433282942992828,0.9511800028674051,-1.1666267172637714,1.1363435629425866,-7.572738233586693,-13.760541336708668,1.7047423228850338,187,24
1.5,1.5,2.5,6.0,3.0,0.4346689125838518,1.0186108951231967,-1.1770592014039656,1.3207723892234149,-7.332706828971326,-13.563169008480841,2.4781958312922874,170,24
1.5,1.5,2.5,8.0,2.0,0.48304243268423197,0.9746803248474447,-1.1666267172637714,1.3044026926361654,-7.535911253146291,-13.760541336708668,2.5009971894462075,159,24
1.5,1.5,2.5,8.0,3.0,0.6138026245083527,1.0102933422874807,-1.1666267172637714,1.379711159130416,-7.005497517347956,-13.563169008480841,3.613336592864228,140,24
1.5,1.5,3.5,4.5,2.0,0.28831650859136954,1.012580161247461,-2.0923444782831604,1.1486599601622312,-7.8730332077537355,-12.923138329595574,1.1865826536232225,215,24
1.5,1.5,3.5,4.5,3.0,0.4224044355535686,0.9919711847698776,-1.6641383893983246,1.3148221282944277,-7.643291510094554,-12.723849475177321,2.43316856962355,195,24
1.5,1.5,3.5,6.0,2.0,0.40102597007378726,0.971715155663062,-1.1145762697416444,1.1814649782665687,-7.667186302601138,-13.746988821169328,2.0745572939000874,187,24
1.5,1.5,3.5,6.0,3.0,0.5030854207606158,1.0423165416255191,-1.1145762697416444,1.3940375043708446,-7.44950235740906,-13.549585475915368,2.9994683928481787,170,24
1.5,1.5,3.5,8.0,2.0,0.524700032575798,0.9787423284573099,-1.1145762697416444,1.3295750072758155,-7.61948014677323,-13.746988821169328,2.8094647109398934,159,24
1.5,1.5,3.5,8.0,3.0,0.671896477915131,1.0217307976305026,-1.1145762697416444,1.4336700287739974,-7.0805153762540485,-13.549585475915368,4.149855244831207,140,24
1.5,1.5,5.0,6.0,2.0,0.41384393622407617,0.9429498588661852,-1.0385010375707429,1.205398630871469,-7.841297405743404,-13.726856393097057,2.3679966949514455,187,24
1.5,1.5,5.0,6.0,3.0,0.5217866514739585,1.0017795803919236,-1.0385010375707429,1.432826543861908,-7.604725923591815,-13.529406971670262,3.4089531730086597,170,24
1.5,1.5,5.0,8.0,2.0,0.5328479371229649,0.9570484948565898,-1.0385010375707429,1.3521805242245095,-7.809494933487698,-13.726856393097057,3.017132781412254,159,24
1.5,1.5,5.0,8.0,3.0,0.6886058601131282,0.9880505847576588,-1.0385010375707429,1.4711842444697887,-7.256102433268379,-13.529406971670262,4.500449188160249,140,24
1.5,2.0,2.5,4.5,2.0,0.23499830951405706,1.0030131100388875,-1.9988868964010607,1.1244560609912924,-8.363578898277593,-14.659078009424064,0.8784349302521136,215,24
1.5,2.0,2.5,4.5,3.0,0.3582833722211188,0.9900545569955207,-1.5532765235460337,1.2852680531916942,-8.080841243995591,-14.459898556112643,1.9791645596267218,195,24
1.5,2.0,2.5,6.0,2.0,0.32550019515024226,0.9699606085926991,-1.1502138938771387,1.1598460790850842,-8.120586403565383,-15.47028885874946,1.6682214484599147,187,24
1.5,2.0,2.5,6.0,3.0,0.41184475372146573,1.0533471027262031,-1.2937619980859938,1.364576648004564,-7.895462584803046,-15.273002712068905,2.4304726618512,170,24
1.5,2.0,2.5,8.0,2.0,0.46144273686958376,0.9834992593352557,-1.1502138938771387,1.349185721242095,-8.05205803996725,-15.47028885874946,2.529102381143573,159,24
1.5,2.0,2.5,8.0,3.0,0.5964168706807147,1.0319519901991845,-1.1502138938771387,1.4372187399039649,-7.487576761838393,-15.273002712068905,3.659267690250825,140,24
1.5,2.0,3.5,4.5,2.0,0.2774103266257142,1.0218943298696876,-1.9797387138683584,1.1597191481536113,-8.425417851871451,-14.659078009424057,1.2127426002629287,215,24
1.5,2.0,3.5,4.5,3.0,0.41263874781308196,1.0215288587993538,-1.5446195589435094,1.340433695883826,-8.217036988677895,-14.459898556112641,2.4624608172843,195,24
1.5,2.0,3.5,6.0,2.0,0.3800284175799571,0.9888292690121584,-1.1049816576990579,1.202951889811297,-8.21180733810624,-15.45708009342291,2.037100477705101,187,24
1.5,2.0,3.5,6.0,3.0,0.47763188300484444,1.0760665217394922,-1.1674441969652773,1.4383204132836909,-7.969146610054319,-15.259763118452746,2.953103409770059,170,24
1.5,2.0,3.5,8.0,2.0,0.5016894723425193,0.9882412941043557,-1.1049816576990579,1.3701320680748712,-8.135822602930514,-15.45708009342291,2.836016553375471,159,24
1.5,2.0,3.5,8.0,3.0,0.6527431323699466,1.044037766172323,-1.1049816576990579,1.4878550091426632,-7.562653211157837,-15.259763118452746,4.1962873835662995,140,24
1.5,2.0,5.0,6.0,2.0,0.39296184201470147,0.9592230170916719,-1.0391644931109627,1.2241570279924303,-8.378509625559811,-15.437457783876503,2.330272959417522,187,24
1.5,2.0,5.0,6.0,3.0,0.4971700133058725,1.0368707257913008,-1.0391644931109627,1.474190393088375,-8.117313317012416,-15.240095011874926,3.3613525122119676,170,24
1.5,2.0,5.0,8.0,2.0,0.5104680111702572,0.9663325292746113,-1.0391644931109627,1.3915842219374268,-8.31839638961886,-15.437457783876503,3.043782231771896,159,24
1.5,2.0,5.0,8.0,3.0,0.6694691163626582,1.0105677312705572,-1.0391644931109627,1.5236194284639586,-7.731285222377607,-15.240095011874926,4.546134381873816,140,24
2.0,1.0,2.5,4.5,2.0,0.37002172044124143,1.1183203077026183,-1.5755058845522938,1.4842102606003016,-8.260346867789329,-14.850776764212581,1.2781051115723934,190,24
2.0,1.0,2.5,4.5,3.0,0.4414629534475631,1.1083018093742265,-1.5755058845522938,1.5029529571408864,-7.9129917083816865,-14.850776764212581,1.76379386300043,179,24
2.0,1.0,2.5,6.0,2.0,0.4696852647378266,1.0662964077128856,-1.621128180301074,1.6631979349049653,-7.761997307185868,-15.135461655616686,2.2834958154869622,162,24
2.0,1.0,2.5,6.0,3.0,0.5289341711977054,1.0618764138274415,-1.621128180301074,1.6997648501274891,-7.524655686464793,-15.135461655616686,2.666680581943467,150,24
2.0,1.0,2.5,8.0,2.0,0.5095022412423479,1.1320576745894884,-1.621128180301074,1.6145005024283472,-7.866478641358299,-15.135461655616686,2.376837363480172,142,24
2.0,1.0,2.5,8.0,3.0,0.5982437374055444,1.1297160601338752,-1.621128180301074,1.543874439240651,-7.399557908845208,-15.135461655616686,3.110394079759473,129,24
2.0,1.0,3.5,4.5,2.0,0.396583030467031,1.0969260937517007,-1.53087206848287,1.4369639637802176,-8.271679743808276,-14.577442280234179,1.5481170207692745,190,24
2.0,1.0,3.5,4.5,3.0,0.48736940494903846,1.1134904688491571,-1.53087206848287,1.47585745974371,-7.97161780582542,-14.577442280234179,2.1918232495447794,179,24
2.0,1.0,3.5,6.0,2.0,0.5160082351347678,1.0741027502493252,-1.5750669850220442,1.7186182825833185,-7.81467931827773,-14.853597782841788,2.6402625984556307,162,24
2.0,1.0,3.5,6.0,3.0,0.5851141677446502,1.0714805411283903,-1.5750669850220442,1.7562513434327272,-7.562180351600676,-14.853597782841788,3.1586136486931777,150,24
2.0,1.0,3.5,8.0,2.0,0.5450707237824058,1.1177083453842087,-1.5750669850220442,1.6002038788662303,-7.909691028117867,-14.853597782841788,2.6731000845290187,142,24
2.0,1.0,3.5,8.0,3.0,0.633065478114842,1.118473690592396,-1.5750669850220442,1.5080028022936869,-7.442972248786053,-14.853597782841788,3.498870718311275,129,24
2.0,1.0,5.0,6.0,2.0,0.5092637763492246,1.0642930054147068,-1.5066437016249046,1.7526567368986832,-7.991890734043704,-14.430801973679403,2.8200889352230587,162,24
2.0,1.0,5.0,6.0,3.0,0.5840221675169199,1.0659268799236805,-1.5066437016249046,1.8054619039626143,-7.755863265328396,-14.430801973679403,3.475335230955931,150,24
2.0,1.0,5.0,8.0,2.0,0.5422097409285048,1.124821298045454,-1.5066437016249046,1.6431700714286999,-8.103108423416879,-14.430801973679403,2.8007720451819487,142,24
2.0,1.0,5.0,8.0,3.0,0.6423669422352377,1.116275633377276,-1.5066437016249046,1.5617172745312609,-7.61704911094618,-14.430801973679403,3.804175569404427,129,24
2.0,1.5,2.5,4.5,2.0,0.4383565186756913,1.108993590489277,-1.4737642213975322,1.521495358917609,-8.34185523664979,-14.435758183895823,1.7846825841465146,190,24
2.0,1.5,2.5,4.5,3.0,0.4957442722562684,1.0923005296561497,-1.4737642213975322,1.5318777177302996,-8.144691105540623,-14.435758183895823,2.197294854218149,179,24
2.0,1.5,2.5,6.0,2.0,0.5168032755685149,1.0736798652013528,-1.5177248735386837,1.5732521629540672,-7.947256846521809,-14.715068088034375,2.6845920088919546,162,24
2.0,1.5,2.5,6.0,3.0,0.5812380115686354,1.068973239273861,-1.5177248735386837,1.6229108870799294,-7.717786643001119,-14.715068088034375,3.1090279394379423,150,24
2.0,1.5,2.5,8.0,2.0,0.5818145355231719,1.13248403421822,-1.5177248735386837,1.6975399163544331,-7.9567089204268315,-14.715068088034375,2.970827599814869,142,24
2.0,1.5,2.5,8.0,3.0,0.6543839480575758,1.13197495223785,-1.5177248735386837,1.6104942265998505,-7.583815885794611,-14.715068088034375,3.6008075663939363,129,24
2.0,1.5,3.5,4.5,2.0,0.4628170363071553,1.0912760147675178,-1.4302175058053554,1.488017341202645,-8.365579075617216,-14.161719807019024,2.0559227934719373,190,24
2.0,1.5,3.5,4.5,3.0,0.5387596422634578,1.101498458567271,-1.4302175058053554,1.5130201474200096,-8.211179290143614,-14.161719807019024,2.6271297951464407,179,24
2.0,1.5,3.5,6.0,2.0,0.5607074479962039,1.084978049484238,-1.472765649167324,1.6221204071057391,-8.018457404344614,-14.43247835741864,3.043160785849048,162,24
2.0,1.5,3.5,6.0,3.0,0.6338975038287383,1.080624724728822,-1.472765649167324,1.6651206072436713,-7.7740193511347995,-14.43247835741864,3.603136736152216,150,24
2.0,1.5,3.5,8.0,2.0,0.6150945965422856,1.120561835384169,-1.472765649167324,1.6747577513461192,-8.01067218331823,-14.43247835741864,3.268708611768068,142,24
2.0,1.5,3.5,8.0,3.0,0.6867625110930534,1.1223615404183367,-1.472765649167324,1.5568758596405337,-7.646190530464119,-14.43247835741864,3.99116301649363,129,24
2.0,1.5,5.0,6.0,2.0,0.5533623256327456,1.073654064141418,-1.4059780410958815,1.650953527384604,-8.188193790512118,-14.008593761495044,3.2244512992378254,162,24
2.0,1.5,5.0,6.0,3.0,0.6320698947909714,1.0736563311309109,-1.4059780410958815,1.7104819793879795,-7.967938295230646,-14.008593761495044,3.923501633827771,150,24
2.0,1.5,5.0,8.0,2.0,0.6104911664903173,1.1255866122935407,-1.4059780410958815,1.715977226908408,-8.204595512111363,-14.008593761495044,3.397427783625499,142,24
2.0,1.5,5.0,8.0,3.0,0.6945306514934971,1.1179552786933586,-1.4059780410958815,1.6084421070090753,-7.821162653268336,-14.008593761495044,4.298208086553658,129,24
2.0,2.0,2.5,4.5,2.0,0.4136304494455441,1.074675059004496,-1.434780509025915,1.4905282205633288,-8.938652964366348,-15.598369445157756,1.8185098474754613,190,24
2.0,2.0,2.5,4.5,3.0,0.48456222886416517,1.0774835540287515,-1.434780509025915,1.5269663055250495,-8.660553050595311,-15.598369445157756,2.2813608367175076,179,24
2.0,2.0,2.5,6.0,2.0,0.4974053572010099,1.0546286620486733,-1.4724671124502156,1.616945896005381,-8.520735650045784,-15.867243994414293,2.7517339344652227,162,24
2.0,2.0,2.5,6.0,3.0,0.5751317547711406,1.061541684939447,-1.4724671124502156,1.6884481285506103,-8.225015552006925,-15.867243994414293,3.228960836017516,150,24
2.0,2.0,2.5,8.0,2.0,0.5510334723576905,1.1045799991047176,-1.4724671124502156,1.7210311458985625,-8.47015860479223,-15.867243994414293,3.0250772657328593,142,24
2.0,2.0,2.5,8.0,3.0,0.6382161883724436,1.1211631283223695,-1.4724671124502156,1.6619210297302414,-8.031279732119987,-15.867243994414293,3.7057542669600134,129,24
2.0,2.0,3.5,4.5,2.0,0.43972325466058254,1.0680620158160825,-1.3968140395799868,1.465207569378526,-8.97644866025857,-15.328671563986129,2.090570537327439,190,24
2.0,2.0,3.5,4.5,3.0,0.5287393717478573,1.095035691967573,-1.3968140395799868,1.5138452882473608,-8.725012165111865,-15.328671563986129,2.7116489893691083,179,24
2.0,2.0,3.5,6.0,2.0,0.5406845710360525,1.0711719967085556,-1.4332935971416543,1.6637760940117647,-8.588290184154351,-15.589130204453472,3.1106049342877795,162,24
2.0,2.0,3.5,6.0,3.0,0.6272164537751074,1.0770936083288338,-1.4332935971416543,1.723235438102373,-8.26307189993922,-15.589130204453472,3.722286184170795,150,24
2.0,2.0,3.5,8.0,2.0,0.585164980899886,1.1006625047514924,-1.4332935971416543,1.6858329825717853,-8.52582047970543,-15.589130204453472,3.322474297885563,142,24
2.0,2.0,3.5,8.0,3.0,0.6721169747858343,1.1184321119950154,-1.4332935971416543,1.5903914247655446,-8.061837205609711,-15.589130204453472,4.095291216020488,129,24
2.0,2.0,5.0,6.0,2.0,0.5352292752454216,1.06087373950488,-1.3751352126330376,1.6913982395148082,-8.77321038784803,-16.20042291410872,3.2937588927752217,162,24
2.0,2.0,5.0,6.0,3.0,0.6274723172150724,1.072713778702434,-1.3751352126330376,1.7681240522063948,-8.467359544814382,-16.20042291410872,4.044628537572746,150,24
2.0,2.0,5.0,8.0,2.0,0.5820030507032498,1.103397806102661,-1.3751352126330376,1.723664619264146,-8.72984536816091,-16.20042291410872,3.4524325506396907,142,24
2.0,2.0,5.0,8.0,3.0,0.6806437597307496,1.1130238404690518,-1.3751352126330376,1.6401252480400763,-8.242940709372698,-16.20042291410872,4.403741998571102,129,24
2.5,1.0,2.5,4.5,3.0,0.3333531266597587,1.1332191667704465,-1.9310014839779668,1.374535556849746,-8.513341472075728,-16.067154266860253,1.2973970070270422,172,24
2.5,1.0,2.5,6.0,3.0,0.49346785490479345,0.977713486092503,-1.0766161827209895,1.5932174957326772,-7.785480430327048,-15.962881338431758,2.6028220925116634,141,24
2.5,1.0,2.5,8.0,3.0,0.4178285084082471,1.0911561913230048,-1.67086296148048,1.2087454319275677,-8.016281220322337,-15.962881338431758,2.185027742624052,127,24
2.5,1.0,3.5,4.5,3.0,0.3716911336238648,1.1200564270254878,-1.8482489445798813,1.3603006545865484,-8.552723658151269,-15.539280832338259,1.6996968447035081,172,24
2.5,1.0,3.5,6.0,3.0,0.5463626875741923,0.9820504587866292,-0.9361762868006405,1.6425175270498122,-7.842976523628181,-15.539280832338259,3.077565003086581,141,24
2.5,1.0,3.5,8.0,3.0,0.45462738645962225,1.0778361854800136,-1.6402415674397859,1.210015097123954,-8.063445170826135,-15.539280832338259,2.5557611404208145,127,24
2.5,1.0,5.0,6.0,3.0,0.5550658187331742,0.9970038327152301,-1.0065276064358364,1.7022305873032302,-7.978892387644026,-16.810082350618742,3.435334270845143,141,24
2.5,1.0,5.0,8.0,3.0,0.46991291019704323,1.080543084219633,-1.5003170264905838,1.2542515407045285,-8.225266335638992,-16.810082350618742,2.8604132721062867,127,24
2.5,1.5,2.5,4.5,3.0,0.37685972121938455,1.130452268962092,-1.7972700289806791,1.3972788962103644,-8.896720937474752,-15.727069081516397,1.6282593947656474,172,24
2.5,1.5,2.5,6.0,3.0,0.5351523404341753,0.9823775843285556,-1.1068043052193874,1.5568307845212341,-7.973144528796368,-15.727069081516397,2.9734017012207086,141,24
2.5,1.5,2.5,8.0,3.0,0.47206649695527264,1.0967087823811519,-1.5627882902967474,1.2691366846867278,-8.252475824853915,-15.727069081516397,2.623320030322405,127,24
2.5,1.5,3.5,4.5,3.0,0.41261318224352866,1.121445181676262,-1.720380825267654,1.3865308249645942,-8.948036891219674,-16.214017980411064,2.0327672377951234,172,24
2.5,1.5,3.5,6.0,3.0,0.5850291183524216,0.9894981570557647,-0.9785407243459392,1.5946809679649832,-8.029581467934394,-15.303803878669525,3.450013384966837,141,24
2.5,1.5,3.5,8.0,3.0,0.5062617188907131,1.0850615263437395,-1.5351263219510198,1.2613766488636096,-8.314268279724947,-15.303803878669525,2.995758992639279,127,24
2.5,1.5,5.0,6.0,3.0,0.592802854724022,1.0022158999408102,-1.0442761708270887,1.6516842932569844,-8.170798538191674,-16.573599487210085,3.811419035057453,141,24
2.5,1.5,5.0,8.0,3.0,0.5197747478804945,1.0851880221382395,-1.3997041880725918,1.3051390210194538,-8.477068255125873,-16.573599487210085,3.302046734722667,127,24
2.5,2.0,2.5,4.5,3.0,0.3649710735185659,1.1173292184996786,-1.6672026646109541,1.4066539776264644,-9.391959437656505,-18.612199988617903,1.6186860578958315,172,24
2.5,2.0,2.5,6.0,3.0,0.5309387721391038,0.9921532792755259,-1.170355110658645,1.6334195850321442,-8.464918662833972,-18.612199988617903,3.0661557541459747,141,24
2.5,2.0,2.5,8.0,3.0,0.46956722923049604,1.0967626763222997,-1.4626377614881623,1.3116311081549026,-8.692858562562378,-18.612199988617903,2.7358967333632145,127,24
2.5,2.0,3.5,4.5,3.0,0.4023675659404413,1.117198409770659,-1.5965351681008426,1.3927978890086845,-9.434833804457059,-18.20488675806873,2.0217892128564654,172,24
2.5,2.0,3.5,6.0,3.0,0.5804129871167886,1.003286252701788,-1.049267718437244,1.6621297864274254,-8.497376900286868,-18.20488675806873,3.5416378292489057,141,24
2.5,2.0,3.5,8.0,3.0,0.5046136281836405,1.0912601258086005,-1.4372630452548658,1.291142800662902,-8.7092475359768,-18.20488675806873,3.107343053114402,127,24
2.5,2.0,5.0,6.0,3.0,0.5887009163511628,1.014504398701853,-1.1113385809103673,1.7193276739446084,-8.643600936870131,-19.426826449716234,3.9049380168808248,141,24
2.5,2.0,5.0,8.0,3.0,0.5179162956262059,1.0899085245524338,-1.3056406564188432,1.3336521678641526,-8.863048424911652,-19.426826449716234,3.4155374208440166,127,24
